"iso3","Year","GPI"
"AFG",2008,3.095
"AFG",2009,3.19099999999999
"AFG",2010,3.04
"AFG",2011,3.02099999999999
"AFG",2012,3.15399999999999
"AFG",2013,3.258
"AFG",2014,3.212
"AFG",2015,3.31599999999999
"AFG",2016,3.362
"AFG",2017,3.41199999999999
"AFG",2018,3.51299999999999
"AFG",2019,3.52
"AFG",2020,3.592
"AFG",2021,3.6
"AFG",2022,3.55399999999999
"ALB",2008,1.806
"ALB",2009,1.77899999999999
"ALB",2010,1.77
"ALB",2011,1.79699999999999
"ALB",2012,1.79899999999999
"ALB",2013,1.816
"ALB",2014,1.81
"ALB",2015,1.806
"ALB",2016,1.76099999999999
"ALB",2017,1.774
"ALB",2018,1.714
"ALB",2019,1.712
"ALB",2020,1.77099999999999
"ALB",2021,1.76899999999999
"ALB",2022,1.76099999999999
"DZA",2008,2.306
"DZA",2009,2.333
"DZA",2010,2.333
"DZA",2011,2.479
"DZA",2012,2.399
"DZA",2013,2.383
"DZA",2014,2.293
"DZA",2015,2.26299999999999
"DZA",2016,2.238
"DZA",2017,2.206
"DZA",2018,2.212
"DZA",2019,2.23499999999999
"DZA",2020,2.234
"DZA",2021,2.258
"DZA",2022,2.14599999999999
"AGO",2008,2.06199999999999
"AGO",2009,2.06599999999999
"AGO",2010,2.00599999999999
"AGO",2011,2.04899999999999
"AGO",2012,2.087
"AGO",2013,2.089
"AGO",2014,2.06199999999999
"AGO",2015,1.957
"AGO",2016,1.974
"AGO",2017,1.93799999999999
"AGO",2018,1.972
"AGO",2019,1.955
"AGO",2020,1.989
"AGO",2021,2.02499999999999
"AGO",2022,1.982
"ARG",2008,1.818
"ARG",2009,1.946
"ARG",2010,1.947
"ARG",2011,1.909
"ARG",2012,1.872
"ARG",2013,2.00099999999999
"ARG",2014,1.905
"ARG",2015,1.984
"ARG",2016,1.981
"ARG",2017,1.93599999999999
"ARG",2018,1.91399999999999
"ARG",2019,1.978
"ARG",2020,1.948
"ARG",2021,1.931
"ARG",2022,1.911
"ARM",2008,2.196
"ARM",2009,2.21899999999999
"ARM",2010,2.229
"ARM",2011,2.193
"ARM",2012,2.194
"ARM",2013,2.198
"ARM",2014,2.13399999999999
"ARM",2015,2.157
"ARM",2016,2.105
"ARM",2017,2.177
"ARM",2018,2.228
"ARM",2019,2.121
"ARM",2020,1.952
"ARM",2021,2.016
"ARM",2022,1.992
"AUS",2008,1.349
"AUS",2009,1.37599999999999
"AUS",2010,1.387
"AUS",2011,1.439
"AUS",2012,1.497
"AUS",2013,1.451
"AUS",2014,1.38599999999999
"AUS",2015,1.359
"AUS",2016,1.38799999999999
"AUS",2017,1.41399999999999
"AUS",2018,1.42199999999999
"AUS",2019,1.427
"AUS",2020,1.42799999999999
"AUS",2021,1.485
"AUS",2022,1.56499999999999
"AUT",2008,1.347
"AUT",2009,1.365
"AUT",2010,1.357
"AUT",2011,1.395
"AUT",2012,1.364
"AUT",2013,1.28299999999999
"AUT",2014,1.26499999999999
"AUT",2015,1.233
"AUT",2016,1.22
"AUT",2017,1.298
"AUT",2018,1.26299999999999
"AUT",2019,1.249
"AUT",2020,1.25099999999999
"AUT",2021,1.318
"AUT",2022,1.3
"AZE",2008,2.28299999999999
"AZE",2009,2.31999999999999
"AZE",2010,2.342
"AZE",2011,2.34799999999999
"AZE",2012,2.36799999999999
"AZE",2013,2.456
"AZE",2014,2.38899999999999
"AZE",2015,2.394
"AZE",2016,2.38
"AZE",2017,2.434
"AZE",2018,2.41299999999999
"AZE",2019,2.37599999999999
"AZE",2020,2.144
"AZE",2021,2.286
"AZE",2022,2.43699999999999
"BHR",2008,1.869
"BHR",2009,1.868
"BHR",2010,1.812
"BHR",2011,2.14699999999999
"BHR",2012,2.068
"BHR",2013,2.152
"BHR",2014,2.206
"BHR",2015,2.11399999999999
"BHR",2016,2.19099999999999
"BHR",2017,2.29099999999999
"BHR",2018,2.27199999999999
"BHR",2019,2.19099999999999
"BHR",2020,2.103
"BHR",2021,2.075
"BHR",2022,2.085
"BGD",2008,2.039
"BGD",2009,2.028
"BGD",2010,2.11
"BGD",2011,2.13399999999999
"BGD",2012,2.15799999999999
"BGD",2013,2.09399999999999
"BGD",2014,2.012
"BGD",2015,1.998
"BGD",2016,2.00599999999999
"BGD",2017,1.969
"BGD",2018,2.02199999999999
"BGD",2019,2.109
"BGD",2020,2.091
"BGD",2021,2.077
"BGD",2022,2.067
"BLR",2008,2.12699999999999
"BLR",2009,2.137
"BLR",2010,2.144
"BLR",2011,2.128
"BLR",2012,2.12199999999999
"BLR",2013,2.109
"BLR",2014,2.08
"BLR",2015,2.12699999999999
"BLR",2016,2.05699999999999
"BLR",2017,1.991
"BLR",2018,2.019
"BLR",2019,2.04199999999999
"BLR",2020,2.04199999999999
"BLR",2021,2.225
"BLR",2022,2.25899999999999
"BEL",2008,1.468
"BEL",2009,1.479
"BEL",2010,1.489
"BEL",2011,1.476
"BEL",2012,1.476
"BEL",2013,1.437
"BEL",2014,1.401
"BEL",2015,1.39199999999999
"BEL",2016,1.38599999999999
"BEL",2017,1.456
"BEL",2018,1.53
"BEL",2019,1.526
"BEL",2020,1.50899999999999
"BEL",2021,1.53099999999999
"BEL",2022,1.526
"BEN",2008,2.093
"BEN",2009,2.092
"BEN",2010,2.093
"BEN",2011,2.15099999999999
"BEN",2012,2.097
"BEN",2013,2.023
"BEN",2014,2
"BEN",2015,1.88599999999999
"BEN",2016,1.93199999999999
"BEN",2017,1.989
"BEN",2018,1.899
"BEN",2019,1.911
"BEN",2020,2.17799999999999
"BEN",2021,2.123
"BEN",2022,2.125
"BTN",2008,1.883
"BTN",2009,1.89199999999999
"BTN",2010,1.947
"BTN",2011,1.91599999999999
"BTN",2012,1.75299999999999
"BTN",2013,1.68199999999999
"BTN",2014,1.65399999999999
"BTN",2015,1.627
"BTN",2016,1.55499999999999
"BTN",2017,1.58
"BTN",2018,1.494
"BTN",2019,1.473
"BTN",2020,1.489
"BTN",2021,1.478
"BTN",2022,1.481
"BOL",2008,1.931
"BOL",2009,2.012
"BOL",2010,2.039
"BOL",2011,1.974
"BOL",2012,2.03699999999999
"BOL",2013,2.055
"BOL",2014,2.015
"BOL",2015,2.02
"BOL",2016,1.923
"BOL",2017,1.958
"BOL",2018,1.969
"BOL",2019,1.975
"BOL",2020,2.01699999999999
"BOL",2021,2.03799999999999
"BOL",2022,1.989
"BIH",2008,1.736
"BIH",2009,1.78299999999999
"BIH",2010,1.792
"BIH",2011,1.778
"BIH",2012,1.81
"BIH",2013,1.77299999999999
"BIH",2014,1.721
"BIH",2015,1.78099999999999
"BIH",2016,1.76299999999999
"BIH",2017,1.874
"BIH",2018,1.903
"BIH",2019,1.871
"BIH",2020,1.899
"BIH",2021,1.86
"BIH",2022,1.85
"BWA",2008,1.833
"BWA",2009,1.788
"BWA",2010,1.766
"BWA",2011,1.806
"BWA",2012,1.782
"BWA",2013,1.749
"BWA",2014,1.869
"BWA",2015,1.75299999999999
"BWA",2016,1.716
"BWA",2017,1.73
"BWA",2018,1.77499999999999
"BWA",2019,1.79099999999999
"BWA",2020,1.812
"BWA",2021,1.76499999999999
"BWA",2022,1.80099999999999
"BRA",2008,2.02199999999999
"BRA",2009,2.02899999999999
"BRA",2010,2.02999999999999
"BRA",2011,2.019
"BRA",2012,2.052
"BRA",2013,2.03799999999999
"BRA",2014,2.075
"BRA",2015,2.156
"BRA",2016,2.15799999999999
"BRA",2017,2.23499999999999
"BRA",2018,2.213
"BRA",2019,2.37
"BRA",2020,2.41199999999999
"BRA",2021,2.454
"BRA",2022,2.46499999999999
"BGR",2008,1.667
"BGR",2009,1.691
"BGR",2010,1.66799999999999
"BGR",2011,1.609
"BGR",2012,1.64399999999999
"BGR",2013,1.67399999999999
"BGR",2014,1.575
"BGR",2015,1.643
"BGR",2016,1.597
"BGR",2017,1.589
"BGR",2018,1.58
"BGR",2019,1.585
"BGR",2020,1.612
"BGR",2021,1.562
"BGR",2022,1.54099999999999
"BFA",2008,1.858
"BFA",2009,1.774
"BFA",2010,1.712
"BFA",2011,1.735
"BFA",2012,1.68599999999999
"BFA",2013,1.82
"BFA",2014,1.723
"BFA",2015,1.856
"BFA",2016,2.01299999999999
"BFA",2017,2.02099999999999
"BFA",2018,2.04099999999999
"BFA",2019,2.153
"BFA",2020,2.241
"BFA",2021,2.543
"BFA",2022,2.786
"BDI",2008,2.43699999999999
"BDI",2009,2.411
"BDI",2010,2.456
"BDI",2011,2.341
"BDI",2012,2.29
"BDI",2013,2.302
"BDI",2014,2.241
"BDI",2015,2.313
"BDI",2016,2.52899999999999
"BDI",2017,2.531
"BDI",2018,2.48099999999999
"BDI",2019,2.476
"BDI",2020,2.418
"BDI",2021,2.40899999999999
"BDI",2022,2.47
"KHM",2008,1.994
"KHM",2009,2.105
"KHM",2010,2.121
"KHM",2011,2.099
"KHM",2012,2.15499999999999
"KHM",2013,2.137
"KHM",2014,2.121
"KHM",2015,2.04
"KHM",2016,2.00499999999999
"KHM",2017,1.91599999999999
"KHM",2018,2.003
"KHM",2019,1.92799999999999
"KHM",2020,1.889
"KHM",2021,1.91799999999999
"KHM",2022,1.88199999999999
"CMR",2008,1.97
"CMR",2009,2.00899999999999
"CMR",2010,2.101
"CMR",2011,1.986
"CMR",2012,2.01699999999999
"CMR",2013,1.921
"CMR",2014,1.999
"CMR",2015,2.204
"CMR",2016,2.359
"CMR",2017,2.455
"CMR",2018,2.55399999999999
"CMR",2019,2.572
"CMR",2020,2.645
"CMR",2021,2.737
"CMR",2022,2.709
"CAN",2008,1.409
"CAN",2009,1.437
"CAN",2010,1.499
"CAN",2011,1.44
"CAN",2012,1.41399999999999
"CAN",2013,1.30099999999999
"CAN",2014,1.28299999999999
"CAN",2015,1.31
"CAN",2016,1.308
"CAN",2017,1.314
"CAN",2018,1.316
"CAN",2019,1.319
"CAN",2020,1.333
"CAN",2021,1.325
"CAN",2022,1.389
"CAF",2008,2.81
"CAF",2009,2.70299999999999
"CAF",2010,2.611
"CAF",2011,2.67899999999999
"CAF",2012,2.78
"CAF",2013,2.998
"CAF",2014,3.144
"CAF",2015,3.24
"CAF",2016,3.21499999999999
"CAF",2017,3.16599999999999
"CAF",2018,3.164
"CAF",2019,3.16299999999999
"CAF",2020,3.072
"CAF",2021,3.036
"CAF",2022,3.02099999999999
"TCD",2008,2.785
"TCD",2009,2.843
"TCD",2010,2.90799999999999
"TCD",2011,2.668
"TCD",2012,2.612
"TCD",2013,2.361
"TCD",2014,2.438
"TCD",2015,2.454
"TCD",2016,2.414
"TCD",2017,2.523
"TCD",2018,2.44099999999999
"TCD",2019,2.499
"TCD",2020,2.54899999999999
"TCD",2021,2.57799999999999
"TCD",2022,2.591
"CHL",2008,1.691
"CHL",2009,1.68799999999999
"CHL",2010,1.721
"CHL",2011,1.748
"CHL",2012,1.641
"CHL",2013,1.62599999999999
"CHL",2014,1.59
"CHL",2015,1.612
"CHL",2016,1.582
"CHL",2017,1.583
"CHL",2018,1.62799999999999
"CHL",2019,1.65199999999999
"CHL",2020,1.828
"CHL",2021,1.798
"CHL",2022,1.84
"CHN",2008,2.169
"CHN",2009,2.09399999999999
"CHN",2010,2.176
"CHN",2011,2.185
"CHN",2012,2.17499999999999
"CHN",2013,2.088
"CHN",2014,2.091
"CHN",2015,2.116
"CHN",2016,2.099
"CHN",2017,2.121
"CHN",2018,2.06499999999999
"CHN",2019,2.047
"CHN",2020,2.02599999999999
"CHN",2021,2.04999999999999
"CHN",2022,2.00999999999999
"COL",2008,2.797
"COL",2009,2.72699999999999
"COL",2010,2.806
"COL",2011,2.714
"COL",2012,2.648
"COL",2013,2.596
"COL",2014,2.61
"COL",2015,2.67
"COL",2016,2.616
"COL",2017,2.689
"COL",2018,2.69
"COL",2019,2.68599999999999
"COL",2020,2.69099999999999
"COL",2021,2.737
"COL",2022,2.729
"CRI",2008,1.63199999999999
"CRI",2009,1.64599999999999
"CRI",2010,1.655
"CRI",2011,1.78099999999999
"CRI",2012,1.731
"CRI",2013,1.78099999999999
"CRI",2014,1.75699999999999
"CRI",2015,1.698
"CRI",2016,1.689
"CRI",2017,1.701
"CRI",2018,1.748
"CRI",2019,1.728
"CRI",2020,1.704
"CRI",2021,1.715
"CRI",2022,1.732
"CIV",2008,2.38799999999999
"CIV",2009,2.26699999999999
"CIV",2010,2.16299999999999
"CIV",2011,2.366
"CIV",2012,2.318
"CIV",2013,2.523
"CIV",2014,2.37599999999999
"CIV",2015,2.189
"CIV",2016,2.226
"CIV",2017,2.22
"CIV",2018,2.221
"CIV",2019,2.153
"CIV",2020,2.129
"CIV",2021,2.137
"CIV",2022,2.144
"HRV",2008,1.667
"HRV",2009,1.687
"HRV",2010,1.623
"HRV",2011,1.629
"HRV",2012,1.611
"HRV",2013,1.591
"HRV",2014,1.54499999999999
"HRV",2015,1.55699999999999
"HRV",2016,1.55699999999999
"HRV",2017,1.568
"HRV",2018,1.556
"HRV",2019,1.54899999999999
"HRV",2020,1.52899999999999
"HRV",2021,1.452
"HRV",2022,1.44
"CUB",2008,2.023
"CUB",2009,2.01699999999999
"CUB",2010,2.016
"CUB",2011,1.99
"CUB",2012,2.032
"CUB",2013,2.01799999999999
"CUB",2014,1.987
"CUB",2015,1.993
"CUB",2016,1.975
"CUB",2017,1.978
"CUB",2018,1.961
"CUB",2019,1.988
"CUB",2020,2.01699999999999
"CUB",2021,2.02
"CUB",2022,2.083
"CYP",2008,1.712
"CYP",2009,1.72
"CYP",2010,1.90599999999999
"CYP",2011,1.895
"CYP",2012,1.923
"CYP",2013,1.873
"CYP",2014,1.93
"CYP",2015,1.89
"CYP",2016,1.9
"CYP",2017,1.901
"CYP",2018,1.848
"CYP",2019,1.88
"CYP",2020,1.877
"CYP",2021,1.91399999999999
"CYP",2022,1.903
"CZE",2008,1.461
"CZE",2009,1.445
"CZE",2010,1.41599999999999
"CZE",2011,1.37799999999999
"CZE",2012,1.431
"CZE",2013,1.421
"CZE",2014,1.38
"CZE",2015,1.39199999999999
"CZE",2016,1.335
"CZE",2017,1.32
"CZE",2018,1.337
"CZE",2019,1.335
"CZE",2020,1.341
"CZE",2021,1.331
"CZE",2022,1.318
"COD",2008,2.825
"COD",2009,2.85199999999999
"COD",2010,2.87599999999999
"COD",2011,2.88399999999999
"COD",2012,2.934
"COD",2013,2.862
"COD",2014,3.00499999999999
"COD",2015,3.068
"COD",2016,3.00099999999999
"COD",2017,2.963
"COD",2018,3.109
"COD",2019,3.111
"COD",2020,3.109
"COD",2021,3.161
"COD",2022,3.16599999999999
"DNK",2008,1.286
"DNK",2009,1.28499999999999
"DNK",2010,1.352
"DNK",2011,1.304
"DNK",2012,1.258
"DNK",2013,1.219
"DNK",2014,1.198
"DNK",2015,1.219
"DNK",2016,1.209
"DNK",2017,1.31
"DNK",2018,1.302
"DNK",2019,1.288
"DNK",2020,1.306
"DNK",2021,1.29299999999999
"DNK",2022,1.296
"DJI",2008,1.966
"DJI",2009,1.954
"DJI",2010,2.00899999999999
"DJI",2011,2.1
"DJI",2012,1.917
"DJI",2013,1.968
"DJI",2014,1.94199999999999
"DJI",2015,2.08199999999999
"DJI",2016,2.153
"DJI",2017,2.111
"DJI",2018,2.172
"DJI",2019,2.103
"DJI",2020,2.145
"DJI",2021,2.099
"DJI",2022,2.213
"DOM",2008,1.989
"DOM",2009,1.999
"DOM",2010,2.075
"DOM",2011,2.093
"DOM",2012,2.04499999999999
"DOM",2013,2.051
"DOM",2014,2.035
"DOM",2015,2.039
"DOM",2016,2.035
"DOM",2017,2.027
"DOM",2018,2.04099999999999
"DOM",2019,2.019
"DOM",2020,1.96
"DOM",2021,1.97
"DOM",2022,1.99
"ECU",2008,2.15899999999999
"ECU",2009,2.189
"ECU",2010,2.189
"ECU",2011,2.13799999999999
"ECU",2012,2.044
"ECU",2013,2.02099999999999
"ECU",2014,1.992
"ECU",2015,1.967
"ECU",2016,1.958
"ECU",2017,1.846
"ECU",2018,1.90799999999999
"ECU",2019,1.95
"ECU",2020,2.04099999999999
"ECU",2021,2.023
"ECU",2022,1.988
"EGY",2008,2.04099999999999
"EGY",2009,1.93
"EGY",2010,1.94199999999999
"EGY",2011,2.20299999999999
"EGY",2012,2.302
"EGY",2013,2.382
"EGY",2014,2.52899999999999
"EGY",2015,2.4
"EGY",2016,2.41199999999999
"EGY",2017,2.419
"EGY",2018,2.479
"EGY",2019,2.398
"EGY",2020,2.45
"EGY",2021,2.487
"EGY",2022,2.342
"SLV",2008,2.016
"SLV",2009,2.1
"SLV",2010,2.12699999999999
"SLV",2011,2.161
"SLV",2012,2.197
"SLV",2013,2.129
"SLV",2014,2.081
"SLV",2015,2.17399999999999
"SLV",2016,2.141
"SLV",2017,2.173
"SLV",2018,2.197
"SLV",2019,2.19099999999999
"SLV",2020,2.177
"SLV",2021,2.18
"SLV",2022,2.23099999999999
"GNQ",2008,1.88399999999999
"GNQ",2009,1.808
"GNQ",2010,1.844
"GNQ",2011,1.925
"GNQ",2012,1.88199999999999
"GNQ",2013,1.823
"GNQ",2014,1.846
"GNQ",2015,1.812
"GNQ",2016,1.778
"GNQ",2017,1.79299999999999
"GNQ",2018,1.83
"GNQ",2019,1.843
"GNQ",2020,1.77499999999999
"GNQ",2021,1.835
"GNQ",2022,1.863
"ERI",2008,2.475
"ERI",2009,2.462
"ERI",2010,2.447
"ERI",2011,2.426
"ERI",2012,2.40499999999999
"ERI",2013,2.365
"ERI",2014,2.37199999999999
"ERI",2015,2.369
"ERI",2016,2.40799999999999
"ERI",2017,2.464
"ERI",2018,2.592
"ERI",2019,2.55799999999999
"ERI",2020,2.567
"ERI",2021,2.551
"ERI",2022,2.494
"EST",2008,1.689
"EST",2009,1.723
"EST",2010,1.729
"EST",2011,1.701
"EST",2012,1.679
"EST",2013,1.65799999999999
"EST",2014,1.55299999999999
"EST",2015,1.619
"EST",2016,1.598
"EST",2017,1.588
"EST",2018,1.598
"EST",2019,1.582
"EST",2020,1.577
"EST",2021,1.56299999999999
"EST",2022,1.66199999999999
"SWZ",2008,1.939
"SWZ",2009,1.92399999999999
"SWZ",2010,1.92599999999999
"SWZ",2011,2.035
"SWZ",2012,2.00599999999999
"SWZ",2013,2.02199999999999
"SWZ",2014,2.055
"SWZ",2015,2.05699999999999
"SWZ",2016,2.01299999999999
"SWZ",2017,1.948
"SWZ",2018,1.971
"SWZ",2019,1.917
"SWZ",2020,1.929
"SWZ",2021,1.893
"SWZ",2022,2.03299999999999
"ETH",2008,2.40899999999999
"ETH",2009,2.65
"ETH",2010,2.41299999999999
"ETH",2011,2.43199999999999
"ETH",2012,2.587
"ETH",2013,2.483
"ETH",2014,2.378
"ETH",2015,2.29999999999999
"ETH",2016,2.285
"ETH",2017,2.402
"ETH",2018,2.468
"ETH",2019,2.46899999999999
"ETH",2020,2.507
"ETH",2021,2.62699999999999
"ETH",2022,2.806
"FIN",2008,1.369
"FIN",2009,1.371
"FIN",2010,1.369
"FIN",2011,1.37
"FIN",2012,1.336
"FIN",2013,1.331
"FIN",2014,1.324
"FIN",2015,1.331
"FIN",2016,1.348
"FIN",2017,1.435
"FIN",2018,1.44
"FIN",2019,1.40599999999999
"FIN",2020,1.365
"FIN",2021,1.40599999999999
"FIN",2022,1.439
"FRA",2008,1.76
"FRA",2009,1.78699999999999
"FRA",2010,1.794
"FRA",2011,1.77099999999999
"FRA",2012,1.802
"FRA",2013,1.77299999999999
"FRA",2014,1.712
"FRA",2015,1.703
"FRA",2016,1.744
"FRA",2017,1.871
"FRA",2018,1.899
"FRA",2019,1.861
"FRA",2020,1.91599999999999
"FRA",2021,1.93
"FRA",2022,1.895
"GAB",2008,1.958
"GAB",2009,1.962
"GAB",2010,2.04199999999999
"GAB",2011,2.048
"GAB",2012,2.02599999999999
"GAB",2013,1.988
"GAB",2014,1.931
"GAB",2015,1.976
"GAB",2016,1.986
"GAB",2017,2.007
"GAB",2018,2.052
"GAB",2019,2.069
"GAB",2020,2.096
"GAB",2021,1.998
"GAB",2022,1.973
"GEO",2008,2.65499999999999
"GEO",2009,2.688
"GEO",2010,2.971
"GEO",2011,2.577
"GEO",2012,2.49699999999999
"GEO",2013,2.4
"GEO",2014,2.133
"GEO",2015,2.00499999999999
"GEO",2016,1.992
"GEO",2017,1.994
"GEO",2018,1.986
"GEO",2019,1.992
"GEO",2020,1.982
"GEO",2021,2.016
"GEO",2022,2.06499999999999
"DEU",2008,1.564
"DEU",2009,1.589
"DEU",2010,1.61
"DEU",2011,1.61
"DEU",2012,1.595
"DEU",2013,1.518
"DEU",2014,1.451
"DEU",2015,1.43
"DEU",2016,1.43599999999999
"DEU",2017,1.465
"DEU",2018,1.50899999999999
"DEU",2019,1.534
"DEU",2020,1.51299999999999
"DEU",2021,1.494
"DEU",2022,1.462
"GHA",2008,1.718
"GHA",2009,1.76699999999999
"GHA",2010,1.832
"GHA",2011,1.80499999999999
"GHA",2012,1.75
"GHA",2013,1.75699999999999
"GHA",2014,1.745
"GHA",2015,1.707
"GHA",2016,1.728
"GHA",2017,1.76
"GHA",2018,1.747
"GHA",2019,1.743
"GHA",2020,1.796
"GHA",2021,1.75899999999999
"GHA",2022,1.75899999999999
"GRC",2008,1.957
"GRC",2009,1.948
"GRC",2010,1.991
"GRC",2011,1.985
"GRC",2012,2.02599999999999
"GRC",2013,2.02599999999999
"GRC",2014,2.01699999999999
"GRC",2015,1.9
"GRC",2016,1.91
"GRC",2017,1.911
"GRC",2018,1.93
"GRC",2019,1.903
"GRC",2020,1.856
"GRC",2021,1.917
"GRC",2022,1.838
"GTM",2008,2.176
"GTM",2009,2.099
"GTM",2010,2.15
"GTM",2011,2.253
"GTM",2012,2.20699999999999
"GTM",2013,2.196
"GTM",2014,2.14199999999999
"GTM",2015,2.08
"GTM",2016,2.15499999999999
"GTM",2017,2.20699999999999
"GTM",2018,2.181
"GTM",2019,2.206
"GTM",2020,2.17099999999999
"GTM",2021,2.16299999999999
"GTM",2022,2.13899999999999
"GIN",2008,2.244
"GIN",2009,2.261
"GIN",2010,2.326
"GIN",2011,2.31
"GIN",2012,2.17399999999999
"GIN",2013,2.184
"GIN",2014,2.212
"GIN",2015,2.196
"GIN",2016,2.16599999999999
"GIN",2017,2.056
"GIN",2018,2.072
"GIN",2019,2.02599999999999
"GIN",2020,2.032
"GIN",2021,2.052
"GIN",2022,2.33199999999999
"GNB",2008,2.34799999999999
"GNB",2009,2.342
"GNB",2010,2.334
"GNB",2011,2.29999999999999
"GNB",2012,2.318
"GNB",2013,2.269
"GNB",2014,2.399
"GNB",2015,2.136
"GNB",2016,2.13499999999999
"GNB",2017,2.177
"GNB",2018,2.17799999999999
"GNB",2019,2.11
"GNB",2020,2.084
"GNB",2021,2.076
"GNB",2022,2.156
"GUY",2008,2.03799999999999
"GUY",2009,2.048
"GUY",2010,2.14699999999999
"GUY",2011,2.12199999999999
"GUY",2012,1.962
"GUY",2013,1.972
"GUY",2014,1.988
"GUY",2015,2.03299999999999
"GUY",2016,2.06
"GUY",2017,1.985
"GUY",2018,2.035
"GUY",2019,2.088
"GUY",2020,2.063
"GUY",2021,2.115
"GUY",2022,2.14
"HTI",2008,2.14
"HTI",2009,2.085
"HTI",2010,2.064
"HTI",2011,2.02999999999999
"HTI",2012,1.976
"HTI",2013,1.923
"HTI",2014,2.081
"HTI",2015,2.04
"HTI",2016,2.007
"HTI",2017,1.95
"HTI",2018,1.97
"HTI",2019,2.044
"HTI",2020,2.128
"HTI",2021,2.073
"HTI",2022,2.254
"HND",2008,2.17799999999999
"HND",2009,2.205
"HND",2010,2.343
"HND",2011,2.29499999999999
"HND",2012,2.269
"HND",2013,2.22
"HND",2014,2.17799999999999
"HND",2015,2.137
"HND",2016,2.2
"HND",2017,2.149
"HND",2018,2.2
"HND",2019,2.26399999999999
"HND",2020,2.22299999999999
"HND",2021,2.33
"HND",2022,2.269
"HUN",2008,1.39799999999999
"HUN",2009,1.50299999999999
"HUN",2010,1.481
"HUN",2011,1.53899999999999
"HUN",2012,1.512
"HUN",2013,1.492
"HUN",2014,1.471
"HUN",2015,1.489
"HUN",2016,1.456
"HUN",2017,1.479
"HUN",2018,1.514
"HUN",2019,1.494
"HUN",2020,1.534
"HUN",2021,1.458
"HUN",2022,1.411
"ISL",2008,1.139
"ISL",2009,1.151
"ISL",2010,1.133
"ISL",2011,1.125
"ISL",2012,1.18199999999999
"ISL",2013,1.181
"ISL",2014,1.175
"ISL",2015,1.153
"ISL",2016,1.15199999999999
"ISL",2017,1.097
"ISL",2018,1.112
"ISL",2019,1.094
"ISL",2020,1.104
"ISL",2021,1.14599999999999
"ISL",2022,1.107
"IND",2008,2.402
"IND",2009,2.44899999999999
"IND",2010,2.579
"IND",2011,2.579
"IND",2012,2.487
"IND",2013,2.50099999999999
"IND",2014,2.49299999999999
"IND",2015,2.48499999999999
"IND",2016,2.52
"IND",2017,2.52599999999999
"IND",2018,2.499
"IND",2019,2.611
"IND",2020,2.616
"IND",2021,2.615
"IND",2022,2.57799999999999
"IDN",2008,1.778
"IDN",2009,1.75
"IDN",2010,1.723
"IDN",2011,1.736
"IDN",2012,1.685
"IDN",2013,1.69
"IDN",2014,1.732
"IDN",2015,1.734
"IDN",2016,1.747
"IDN",2017,1.76499999999999
"IDN",2018,1.746
"IDN",2019,1.737
"IDN",2020,1.814
"IDN",2021,1.78099999999999
"IDN",2022,1.8
"IRN",2008,2.488
"IRN",2009,2.38899999999999
"IRN",2010,2.46499999999999
"IRN",2011,2.544
"IRN",2012,2.564
"IRN",2013,2.512
"IRN",2014,2.452
"IRN",2015,2.511
"IRN",2016,2.359
"IRN",2017,2.371
"IRN",2018,2.486
"IRN",2019,2.512
"IRN",2020,2.705
"IRN",2021,2.67499999999999
"IRN",2022,2.68699999999999
"IRQ",2008,3.51
"IRQ",2009,3.46
"IRQ",2010,3.42099999999999
"IRQ",2011,3.193
"IRQ",2012,3.085
"IRQ",2013,3.077
"IRQ",2014,3.05399999999999
"IRQ",2015,3.238
"IRQ",2016,3.394
"IRQ",2017,3.42099999999999
"IRQ",2018,3.31199999999999
"IRQ",2019,3.249
"IRQ",2020,3.398
"IRQ",2021,3.23099999999999
"IRQ",2022,3.157
"IRL",2008,1.397
"IRL",2009,1.453
"IRL",2010,1.437
"IRL",2011,1.452
"IRL",2012,1.409
"IRL",2013,1.395
"IRL",2014,1.369
"IRL",2015,1.38199999999999
"IRL",2016,1.381
"IRL",2017,1.375
"IRL",2018,1.332
"IRL",2019,1.326
"IRL",2020,1.357
"IRL",2021,1.30699999999999
"IRL",2022,1.288
"ISR",2008,2.89199999999999
"ISR",2009,2.883
"ISR",2010,2.886
"ISR",2011,2.867
"ISR",2012,2.761
"ISR",2013,2.713
"ISR",2014,2.63
"ISR",2015,2.633
"ISR",2016,2.741
"ISR",2017,2.786
"ISR",2018,2.73099999999999
"ISR",2019,2.717
"ISR",2020,2.753
"ISR",2021,2.63499999999999
"ISR",2022,2.576
"ITA",2008,1.635
"ITA",2009,1.71
"ITA",2010,1.722
"ITA",2011,1.74
"ITA",2012,1.726
"ITA",2013,1.716
"ITA",2014,1.65799999999999
"ITA",2015,1.65799999999999
"ITA",2016,1.64399999999999
"ITA",2017,1.653
"ITA",2018,1.705
"ITA",2019,1.677
"ITA",2020,1.639
"ITA",2021,1.661
"ITA",2022,1.643
"JAM",2008,1.981
"JAM",2009,1.979
"JAM",2010,1.999
"JAM",2011,2.03799999999999
"JAM",2012,2.084
"JAM",2013,2.036
"JAM",2014,2.015
"JAM",2015,1.987
"JAM",2016,1.964
"JAM",2017,1.94199999999999
"JAM",2018,1.954
"JAM",2019,1.944
"JAM",2020,1.964
"JAM",2021,1.969
"JAM",2022,1.99
"JPN",2008,1.405
"JPN",2009,1.40199999999999
"JPN",2010,1.397
"JPN",2011,1.40199999999999
"JPN",2012,1.41599999999999
"JPN",2013,1.367
"JPN",2014,1.364
"JPN",2015,1.365
"JPN",2016,1.38
"JPN",2017,1.347
"JPN",2018,1.352
"JPN",2019,1.38
"JPN",2020,1.37
"JPN",2021,1.355
"JPN",2022,1.336
"JOR",2008,1.921
"JOR",2009,1.872
"JOR",2010,1.88599999999999
"JOR",2011,1.863
"JOR",2012,1.92399999999999
"JOR",2013,1.911
"JOR",2014,1.859
"JOR",2015,1.939
"JOR",2016,1.93599999999999
"JOR",2017,1.966
"JOR",2018,2.04099999999999
"JOR",2019,1.962
"JOR",2020,1.964
"JOR",2021,1.93
"JOR",2022,1.849
"KAZ",2008,2.077
"KAZ",2009,2.109
"KAZ",2010,2.148
"KAZ",2011,2.111
"KAZ",2012,2.09399999999999
"KAZ",2013,1.962
"KAZ",2014,2.007
"KAZ",2015,1.979
"KAZ",2016,1.957
"KAZ",2017,1.948
"KAZ",2018,1.939
"KAZ",2019,1.911
"KAZ",2020,1.978
"KAZ",2021,1.91799999999999
"KAZ",2022,2.071
"KEN",2008,2.42499999999999
"KEN",2009,2.50899999999999
"KEN",2010,2.551
"KEN",2011,2.528
"KEN",2012,2.452
"KEN",2013,2.52
"KEN",2014,2.487
"KEN",2015,2.44099999999999
"KEN",2016,2.439
"KEN",2017,2.426
"KEN",2018,2.40099999999999
"KEN",2019,2.365
"KEN",2020,2.395
"KEN",2021,2.325
"KEN",2022,2.30299999999999
"KWT",2008,1.603
"KWT",2009,1.595
"KWT",2010,1.52499999999999
"KWT",2011,1.538
"KWT",2012,1.611
"KWT",2013,1.614
"KWT",2014,1.59
"KWT",2015,1.655
"KWT",2016,1.702
"KWT",2017,1.837
"KWT",2018,1.839
"KWT",2019,1.748
"KWT",2020,1.685
"KWT",2021,1.702
"KWT",2022,1.739
"KGZ",2008,2.25899999999999
"KGZ",2009,2.253
"KGZ",2010,2.25099999999999
"KGZ",2011,2.25
"KGZ",2012,2.42899999999999
"KGZ",2013,2.387
"KGZ",2014,2.28299999999999
"KGZ",2015,2.184
"KGZ",2016,2.136
"KGZ",2017,2.103
"KGZ",2018,2.088
"KGZ",2019,2.05399999999999
"KGZ",2020,2.04099999999999
"KGZ",2021,1.919
"KGZ",2022,2.028
"LAO",2008,1.91799999999999
"LAO",2009,1.90799999999999
"LAO",2010,1.746
"LAO",2011,1.768
"LAO",2012,1.78899999999999
"LAO",2013,1.77
"LAO",2014,1.739
"LAO",2015,1.74
"LAO",2016,1.814
"LAO",2017,1.766
"LAO",2018,1.78
"LAO",2019,1.76099999999999
"LAO",2020,1.806
"LAO",2021,1.782
"LAO",2022,1.80899999999999
"LVA",2008,1.595
"LVA",2009,1.68799999999999
"LVA",2010,1.66599999999999
"LVA",2011,1.66
"LVA",2012,1.65599999999999
"LVA",2013,1.596
"LVA",2014,1.556
"LVA",2015,1.609
"LVA",2016,1.562
"LVA",2017,1.55699999999999
"LVA",2018,1.562
"LVA",2019,1.599
"LVA",2020,1.617
"LVA",2021,1.63399999999999
"LVA",2022,1.673
"LBN",2008,2.62699999999999
"LBN",2009,2.56599999999999
"LBN",2010,2.573
"LBN",2011,2.583
"LBN",2012,2.394
"LBN",2013,2.41
"LBN",2014,2.56099999999999
"LBN",2015,2.577
"LBN",2016,2.632
"LBN",2017,2.716
"LBN",2018,2.67799999999999
"LBN",2019,2.75599999999999
"LBN",2020,2.7
"LBN",2021,2.71899999999999
"LBN",2022,2.615
"LSO",2008,1.856
"LSO",2009,1.857
"LSO",2010,1.852
"LSO",2011,1.883
"LSO",2012,1.858
"LSO",2013,1.867
"LSO",2014,1.82
"LSO",2015,1.87
"LSO",2016,1.93799999999999
"LSO",2017,2.012
"LSO",2018,2.09
"LSO",2019,2.144
"LSO",2020,2.088
"LSO",2021,2.11
"LSO",2022,2.089
"LBR",2008,1.957
"LBR",2009,1.967
"LBR",2010,2.00499999999999
"LBR",2011,1.996
"LBR",2012,1.93599999999999
"LBR",2013,1.869
"LBR",2014,1.846
"LBR",2015,1.92
"LBR",2016,1.939
"LBR",2017,1.978
"LBR",2018,1.89199999999999
"LBR",2019,1.841
"LBR",2020,1.864
"LBR",2021,1.961
"LBR",2022,1.973
"LBY",2008,2.08599999999999
"LBY",2009,2.055
"LBY",2010,2.023
"LBY",2011,2.694
"LBY",2012,2.467
"LBY",2013,2.55799999999999
"LBY",2014,2.48099999999999
"LBY",2015,2.86399999999999
"LBY",2016,3.079
"LBY",2017,3.218
"LBY",2018,3.113
"LBY",2019,3.10599999999999
"LBY",2020,3.068
"LBY",2021,3.101
"LBY",2022,2.93
"LTU",2008,1.69199999999999
"LTU",2009,1.67599999999999
"LTU",2010,1.683
"LTU",2011,1.77
"LTU",2012,1.75699999999999
"LTU",2013,1.709
"LTU",2014,1.675
"LTU",2015,1.691
"LTU",2016,1.701
"LTU",2017,1.704
"LTU",2018,1.687
"LTU",2019,1.65
"LTU",2020,1.622
"LTU",2021,1.66799999999999
"LTU",2022,1.724
"MDG",2008,1.772
"MDG",2009,2.035
"MDG",2010,1.98
"MDG",2011,2.164
"MDG",2012,2.164
"MDG",2013,2.101
"MDG",2014,2.05399999999999
"MDG",2015,1.99
"MDG",2016,1.903
"MDG",2017,1.944
"MDG",2018,1.891
"MDG",2019,1.867
"MDG",2020,1.905
"MDG",2021,1.951
"MDG",2022,1.995
"MWI",2008,1.843
"MWI",2009,1.838
"MWI",2010,1.80899999999999
"MWI",2011,1.71
"MWI",2012,1.794
"MWI",2013,1.77
"MWI",2014,1.78699999999999
"MWI",2015,1.731
"MWI",2016,1.864
"MWI",2017,1.823
"MWI",2018,1.825
"MWI",2019,1.78699999999999
"MWI",2020,1.89799999999999
"MWI",2021,1.9
"MWI",2022,1.895
"MYS",2008,1.691
"MYS",2009,1.68599999999999
"MYS",2010,1.657
"MYS",2011,1.575
"MYS",2012,1.62599999999999
"MYS",2013,1.582
"MYS",2014,1.558
"MYS",2015,1.61
"MYS",2016,1.66799999999999
"MYS",2017,1.679
"MYS",2018,1.629
"MYS",2019,1.589
"MYS",2020,1.54499999999999
"MYS",2021,1.52
"MYS",2022,1.471
"MLI",2008,2.216
"MLI",2009,2.232
"MLI",2010,2.313
"MLI",2011,2.30299999999999
"MLI",2012,2.313
"MLI",2013,2.42399999999999
"MLI",2014,2.51399999999999
"MLI",2015,2.589
"MLI",2016,2.52
"MLI",2017,2.648
"MLI",2018,2.63
"MLI",2019,2.685
"MLI",2020,2.7
"MLI",2021,2.83
"MLI",2022,2.911
"MRT",2008,2.278
"MRT",2009,2.351
"MRT",2010,2.24299999999999
"MRT",2011,2.29999999999999
"MRT",2012,2.29599999999999
"MRT",2013,2.23099999999999
"MRT",2014,2.24299999999999
"MRT",2015,2.20299999999999
"MRT",2016,2.16
"MRT",2017,2.241
"MRT",2018,2.22299999999999
"MRT",2019,2.214
"MRT",2020,2.184
"MRT",2021,2.237
"MRT",2022,2.193
"MUS",2008,1.605
"MUS",2009,1.62
"MUS",2010,1.614
"MUS",2011,1.619
"MUS",2012,1.601
"MUS",2013,1.522
"MUS",2014,1.51699999999999
"MUS",2015,1.522
"MUS",2016,1.542
"MUS",2017,1.534
"MUS",2018,1.53299999999999
"MUS",2019,1.554
"MUS",2020,1.54
"MUS",2021,1.59
"MUS",2022,1.57
"MEX",2008,2.25099999999999
"MEX",2009,2.323
"MEX",2010,2.33599999999999
"MEX",2011,2.40399999999999
"MEX",2012,2.51799999999999
"MEX",2013,2.47299999999999
"MEX",2014,2.41599999999999
"MEX",2015,2.398
"MEX",2016,2.41599999999999
"MEX",2017,2.50999999999999
"MEX",2018,2.536
"MEX",2019,2.53299999999999
"MEX",2020,2.575
"MEX",2021,2.62599999999999
"MEX",2022,2.612
"MDA",2008,1.966
"MDA",2009,1.949
"MDA",2010,1.981
"MDA",2011,1.981
"MDA",2012,1.966
"MDA",2013,1.937
"MDA",2014,1.923
"MDA",2015,1.903
"MDA",2016,1.92199999999999
"MDA",2017,1.887
"MDA",2018,1.855
"MDA",2019,1.869
"MDA",2020,1.848
"MDA",2021,1.848
"MDA",2022,1.88199999999999
"MNG",2008,2.015
"MNG",2009,1.983
"MNG",2010,1.981
"MNG",2011,1.814
"MNG",2012,1.818
"MNG",2013,1.87
"MNG",2014,1.725
"MNG",2015,1.708
"MNG",2016,1.778
"MNG",2017,1.75
"MNG",2018,1.764
"MNG",2019,1.76
"MNG",2020,1.745
"MNG",2021,1.758
"MNG",2022,1.77499999999999
"MNE",2008,2.071
"MNE",2009,2.02099999999999
"MNE",2010,1.994
"MNE",2011,1.996
"MNE",2012,1.949
"MNE",2013,1.77099999999999
"MNE",2014,1.79299999999999
"MNE",2015,1.80099999999999
"MNE",2016,1.745
"MNE",2017,1.792
"MNE",2018,1.742
"MNE",2019,1.81099999999999
"MNE",2020,1.806
"MNE",2021,1.796
"MNE",2022,1.80099999999999
"MAR",2008,2.00199999999999
"MAR",2009,1.988
"MAR",2010,1.976
"MAR",2011,2.044
"MAR",2012,2.071
"MAR",2013,2.03399999999999
"MAR",2014,2.04999999999999
"MAR",2015,2.05699999999999
"MAR",2016,2.04999999999999
"MAR",2017,1.93199999999999
"MAR",2018,1.933
"MAR",2019,2.03699999999999
"MAR",2020,2.04499999999999
"MAR",2021,1.996
"MAR",2022,1.969
"MOZ",2008,1.87
"MOZ",2009,1.853
"MOZ",2010,1.843
"MOZ",2011,1.969
"MOZ",2012,1.845
"MOZ",2013,1.891
"MOZ",2014,1.972
"MOZ",2015,1.976
"MOZ",2016,1.977
"MOZ",2017,2.06
"MOZ",2018,2.121
"MOZ",2019,2.14
"MOZ",2020,2.132
"MOZ",2021,2.15
"MOZ",2022,2.31599999999999
"MMR",2008,2.494
"MMR",2009,2.52099999999999
"MMR",2010,2.383
"MMR",2011,2.229
"MMR",2012,2.248
"MMR",2013,2.29499999999999
"MMR",2014,2.229
"MMR",2015,2.297
"MMR",2016,2.12199999999999
"MMR",2017,2.096
"MMR",2018,2.23899999999999
"MMR",2019,2.347
"MMR",2020,2.379
"MMR",2021,2.488
"MMR",2022,2.63099999999999
"NAM",2008,2.05799999999999
"NAM",2009,2.04899999999999
"NAM",2010,2.04899999999999
"NAM",2011,1.976
"NAM",2012,1.927
"NAM",2013,1.91799999999999
"NAM",2014,1.87799999999999
"NAM",2015,1.913
"NAM",2016,1.869
"NAM",2017,1.834
"NAM",2018,1.832
"NAM",2019,1.919
"NAM",2020,1.845
"NAM",2021,1.883
"NAM",2022,1.90799999999999
"NPL",2008,2.11399999999999
"NPL",2009,2.052
"NPL",2010,2.104
"NPL",2011,2.13
"NPL",2012,2.012
"NPL",2013,2.00599999999999
"NPL",2014,1.95
"NPL",2015,1.863
"NPL",2016,1.965
"NPL",2017,1.98
"NPL",2018,1.992
"NPL",2019,1.959
"NPL",2020,1.948
"NPL",2021,1.981
"NPL",2022,1.947
"NLD",2008,1.53099999999999
"NLD",2009,1.546
"NLD",2010,1.558
"NLD",2011,1.53699999999999
"NLD",2012,1.50499999999999
"NLD",2013,1.476
"NLD",2014,1.469
"NLD",2015,1.453
"NLD",2016,1.443
"NLD",2017,1.451
"NLD",2018,1.463
"NLD",2019,1.471
"NLD",2020,1.528
"NLD",2021,1.52499999999999
"NLD",2022,1.522
"NZL",2008,1.294
"NZL",2009,1.3
"NZL",2010,1.312
"NZL",2011,1.31099999999999
"NZL",2012,1.325
"NZL",2013,1.335
"NZL",2014,1.318
"NZL",2015,1.29099999999999
"NZL",2016,1.26899999999999
"NZL",2017,1.278
"NZL",2018,1.234
"NZL",2019,1.28499999999999
"NZL",2020,1.27899999999999
"NZL",2021,1.284
"NZL",2022,1.26899999999999
"NIC",2008,1.846
"NIC",2009,1.85
"NIC",2010,1.844
"NIC",2011,1.885
"NIC",2012,1.93
"NIC",2013,1.877
"NIC",2014,1.86
"NIC",2015,1.948
"NIC",2016,1.89599999999999
"NIC",2017,1.927
"NIC",2018,1.872
"NIC",2019,2.293
"NIC",2020,2.40499999999999
"NIC",2021,2.333
"NIC",2022,2.334
"NER",2008,2.01299999999999
"NER",2009,2.091
"NER",2010,2.117
"NER",2011,2.06199999999999
"NER",2012,2.05699999999999
"NER",2013,2.00899999999999
"NER",2014,1.981
"NER",2015,2.237
"NER",2016,2.194
"NER",2017,2.38899999999999
"NER",2018,2.44
"NER",2019,2.374
"NER",2020,2.55799999999999
"NER",2021,2.63099999999999
"NER",2022,2.65499999999999
"NGA",2008,2.499
"NGA",2009,2.467
"NGA",2010,2.459
"NGA",2011,2.455
"NGA",2012,2.581
"NGA",2013,2.60199999999999
"NGA",2014,2.71899999999999
"NGA",2015,2.76699999999999
"NGA",2016,2.78699999999999
"NGA",2017,2.75599999999999
"NGA",2018,2.754
"NGA",2019,2.769
"NGA",2020,2.782
"NGA",2021,2.733
"NGA",2022,2.725
"PRK",2008,2.887
"PRK",2009,2.886
"PRK",2010,2.935
"PRK",2011,2.982
"PRK",2012,2.92099999999999
"PRK",2013,2.935
"PRK",2014,2.946
"PRK",2015,2.954
"PRK",2016,2.922
"PRK",2017,2.946
"PRK",2018,2.927
"PRK",2019,2.899
"PRK",2020,2.97699999999999
"PRK",2021,2.91699999999999
"PRK",2022,2.942
"MKD",2008,1.856
"MKD",2009,1.88399999999999
"MKD",2010,1.851
"MKD",2011,1.804
"MKD",2012,1.843
"MKD",2013,1.911
"MKD",2014,1.90399999999999
"MKD",2015,1.891
"MKD",2016,1.989
"MKD",2017,2.01299999999999
"MKD",2018,1.944
"MKD",2019,1.835
"MKD",2020,1.8
"MKD",2021,1.687
"MKD",2022,1.704
"NOR",2008,1.395
"NOR",2009,1.419
"NOR",2010,1.44
"NOR",2011,1.512
"NOR",2012,1.55299999999999
"NOR",2013,1.516
"NOR",2014,1.542
"NOR",2015,1.463
"NOR",2016,1.465
"NOR",2017,1.46
"NOR",2018,1.48
"NOR",2019,1.5
"NOR",2020,1.50899999999999
"NOR",2021,1.483
"NOR",2022,1.465
"OMN",2008,1.735
"OMN",2009,1.764
"OMN",2010,1.713
"OMN",2011,1.891
"OMN",2012,1.88799999999999
"OMN",2013,1.867
"OMN",2014,1.90399999999999
"OMN",2015,1.973
"OMN",2016,1.927
"OMN",2017,1.88799999999999
"OMN",2018,1.94
"OMN",2019,1.919
"OMN",2020,1.90599999999999
"OMN",2021,1.90199999999999
"OMN",2022,1.889
"PAK",2008,2.87
"PAK",2009,3.06599999999999
"PAK",2010,3.101
"PAK",2011,3.111
"PAK",2012,3.12599999999999
"PAK",2013,3.194
"PAK",2014,3.128
"PAK",2015,3.097
"PAK",2016,3.08599999999999
"PAK",2017,3.011
"PAK",2018,2.92899999999999
"PAK",2019,2.891
"PAK",2020,2.842
"PAK",2021,2.827
"PAK",2022,2.789
"PSE",2016,2.789
"PSE",2017,2.744
"PSE",2018,2.623
"PSE",2019,2.604
"PSE",2020,2.607
"PSE",2021,2.52
"PSE",2022,2.552
"PAN",2008,1.81499999999999
"PAN",2009,1.768
"PAN",2010,1.881
"PAN",2011,1.81299999999999
"PAN",2012,1.849
"PAN",2013,1.842
"PAN",2014,1.866
"PAN",2015,1.913
"PAN",2016,1.835
"PAN",2017,1.82
"PAN",2018,1.82
"PAN",2019,1.816
"PAN",2020,1.877
"PAN",2021,1.885
"PAN",2022,1.87599999999999
"PNG",2008,1.997
"PNG",2009,1.986
"PNG",2010,1.967
"PNG",2011,2.011
"PNG",2012,1.973
"PNG",2013,1.965
"PNG",2014,1.969
"PNG",2015,1.992
"PNG",2016,1.983
"PNG",2017,1.949
"PNG",2018,1.973
"PNG",2019,1.958
"PNG",2020,1.986
"PNG",2021,2.051
"PNG",2022,2.04599999999999
"PRY",2008,1.879
"PRY",2009,1.935
"PRY",2010,2.00499999999999
"PRY",2011,1.93199999999999
"PRY",2012,1.954
"PRY",2013,2.05399999999999
"PRY",2014,1.992
"PRY",2015,2.051
"PRY",2016,2.00899999999999
"PRY",2017,1.98
"PRY",2018,2.003
"PRY",2019,2.06
"PRY",2020,2.01699999999999
"PRY",2021,2.015
"PRY",2022,1.976
"PER",2008,2.027
"PER",2009,1.995
"PER",2010,2.06099999999999
"PER",2011,2.027
"PER",2012,2.05699999999999
"PER",2013,2.083
"PER",2014,2.02899999999999
"PER",2015,2.03699999999999
"PER",2016,2.028
"PER",2017,2.00099999999999
"PER",2018,1.979
"PER",2019,1.973
"PER",2020,2.00499999999999
"PER",2021,2.01799999999999
"PER",2022,2.091
"PHL",2008,2.237
"PHL",2009,2.29599999999999
"PHL",2010,2.306
"PHL",2011,2.31199999999999
"PHL",2012,2.39299999999999
"PHL",2013,2.35
"PHL",2014,2.387
"PHL",2015,2.402
"PHL",2016,2.403
"PHL",2017,2.459
"PHL",2018,2.464
"PHL",2019,2.46899999999999
"PHL",2020,2.42399999999999
"PHL",2021,2.452
"PHL",2022,2.339
"POL",2008,1.576
"POL",2009,1.585
"POL",2010,1.649
"POL",2011,1.56299999999999
"POL",2012,1.56099999999999
"POL",2013,1.524
"POL",2014,1.482
"POL",2015,1.491
"POL",2016,1.499
"POL",2017,1.595
"POL",2018,1.619
"POL",2019,1.58
"POL",2020,1.609
"POL",2021,1.51299999999999
"POL",2022,1.552
"PRT",2008,1.355
"PRT",2009,1.373
"PRT",2010,1.413
"PRT",2011,1.427
"PRT",2012,1.45
"PRT",2013,1.46
"PRT",2014,1.39599999999999
"PRT",2015,1.366
"PRT",2016,1.286
"PRT",2017,1.25899999999999
"PRT",2018,1.29499999999999
"PRT",2019,1.247
"PRT",2020,1.244
"PRT",2021,1.30299999999999
"PRT",2022,1.30099999999999
"QAT",2008,1.597
"QAT",2009,1.411
"QAT",2010,1.466
"QAT",2011,1.487
"QAT",2012,1.534
"QAT",2013,1.571
"QAT",2014,1.536
"QAT",2015,1.62799999999999
"QAT",2016,1.579
"QAT",2017,1.532
"QAT",2018,1.73
"QAT",2019,1.617
"QAT",2020,1.575
"QAT",2021,1.581
"QAT",2022,1.53299999999999
"COG",2008,2.14699999999999
"COG",2009,2.07399999999999
"COG",2010,2.1
"COG",2011,2.067
"COG",2012,2.056
"COG",2013,2.085
"COG",2014,2.125
"COG",2015,2.16299999999999
"COG",2016,2.245
"COG",2017,2.26399999999999
"COG",2018,2.29
"COG",2019,2.27899999999999
"COG",2020,2.27599999999999
"COG",2021,2.23899999999999
"COG",2022,2.184
"ROU",2008,1.574
"ROU",2009,1.599
"ROU",2010,1.655
"ROU",2011,1.63199999999999
"ROU",2012,1.62799999999999
"ROU",2013,1.613
"ROU",2014,1.587
"ROU",2015,1.581
"ROU",2016,1.592
"ROU",2017,1.56
"ROU",2018,1.53899999999999
"ROU",2019,1.574
"ROU",2020,1.53699999999999
"ROU",2021,1.56
"ROU",2022,1.64
"RUS",2008,2.919
"RUS",2009,3.00099999999999
"RUS",2010,3.05399999999999
"RUS",2011,2.94
"RUS",2012,2.92899999999999
"RUS",2013,2.935
"RUS",2014,3.043
"RUS",2015,3.06499999999999
"RUS",2016,3.00599999999999
"RUS",2017,2.975
"RUS",2018,3.063
"RUS",2019,3.099
"RUS",2020,3.056
"RUS",2021,3.03799999999999
"RUS",2022,3.27499999999999
"RWA",2008,1.80699999999999
"RWA",2009,1.945
"RWA",2010,1.974
"RWA",2011,2.044
"RWA",2012,2.056
"RWA",2013,2.149
"RWA",2014,2.23
"RWA",2015,2.2
"RWA",2016,2.133
"RWA",2017,2.03699999999999
"RWA",2018,2.15
"RWA",2019,1.974
"RWA",2020,1.99
"RWA",2021,1.984
"RWA",2022,1.945
"SAU",2008,2.301
"SAU",2009,2.234
"SAU",2010,2.26799999999999
"SAU",2011,2.189
"SAU",2012,2.274
"SAU",2013,2.17499999999999
"SAU",2014,2.056
"SAU",2015,2.06999999999999
"SAU",2016,2.153
"SAU",2017,2.338
"SAU",2018,2.41599999999999
"SAU",2019,2.40499999999999
"SAU",2020,2.38799999999999
"SAU",2021,2.41199999999999
"SAU",2022,2.28799999999999
"SEN",2008,2.111
"SEN",2009,2.07799999999999
"SEN",2010,2.12199999999999
"SEN",2011,2.149
"SEN",2012,2.128
"SEN",2013,2.09799999999999
"SEN",2014,2.077
"SEN",2015,1.986
"SEN",2016,1.959
"SEN",2017,1.927
"SEN",2018,1.826
"SEN",2019,1.872
"SEN",2020,1.84
"SEN",2021,1.87799999999999
"SEN",2022,1.91599999999999
"SRB",2008,1.929
"SRB",2009,1.95
"SRB",2010,1.977
"SRB",2011,1.956
"SRB",2012,2.00099999999999
"SRB",2013,1.968
"SRB",2014,1.891
"SRB",2015,1.838
"SRB",2016,1.77899999999999
"SRB",2017,1.782
"SRB",2018,1.76299999999999
"SRB",2019,1.724
"SRB",2020,1.76499999999999
"SRB",2021,1.78499999999999
"SRB",2022,1.832
"SLE",2008,1.80699999999999
"SLE",2009,1.806
"SLE",2010,1.835
"SLE",2011,1.834
"SLE",2012,1.865
"SLE",2013,1.82
"SLE",2014,1.818
"SLE",2015,1.80099999999999
"SLE",2016,1.762
"SLE",2017,1.75699999999999
"SLE",2018,1.719
"SLE",2019,1.814
"SLE",2020,1.855
"SLE",2021,1.828
"SLE",2022,1.80299999999999
"SGP",2008,1.584
"SGP",2009,1.52299999999999
"SGP",2010,1.49
"SGP",2011,1.461
"SGP",2012,1.447
"SGP",2013,1.464
"SGP",2014,1.429
"SGP",2015,1.391
"SGP",2016,1.39
"SGP",2017,1.39599999999999
"SGP",2018,1.39799999999999
"SGP",2019,1.348
"SGP",2020,1.304
"SGP",2021,1.346
"SGP",2022,1.326
"SVK",2008,1.53699999999999
"SVK",2009,1.52499999999999
"SVK",2010,1.54299999999999
"SVK",2011,1.59
"SVK",2012,1.587
"SVK",2013,1.581
"SVK",2014,1.53
"SVK",2015,1.518
"SVK",2016,1.568
"SVK",2017,1.596
"SVK",2018,1.532
"SVK",2019,1.51899999999999
"SVK",2020,1.54099999999999
"SVK",2021,1.54499999999999
"SVK",2022,1.499
"SVN",2008,1.348
"SVN",2009,1.347
"SVN",2010,1.347
"SVN",2011,1.344
"SVN",2012,1.38599999999999
"SVN",2013,1.37599999999999
"SVN",2014,1.37
"SVN",2015,1.354
"SVN",2016,1.321
"SVN",2017,1.31299999999999
"SVN",2018,1.33
"SVN",2019,1.29299999999999
"SVN",2020,1.312
"SVN",2021,1.29499999999999
"SVN",2022,1.316
"SOM",2008,3.153
"SOM",2009,3.237
"SOM",2010,3.3
"SOM",2011,3.157
"SOM",2012,3.228
"SOM",2013,3.184
"SOM",2014,3.17099999999999
"SOM",2015,3.133
"SOM",2016,3.156
"SOM",2017,3.103
"SOM",2018,3.13399999999999
"SOM",2019,3.05399999999999
"SOM",2020,3.128
"SOM",2021,3.181
"SOM",2022,3.125
"ZAF",2008,2.221
"ZAF",2009,2.39
"ZAF",2010,2.365
"ZAF",2011,2.341
"ZAF",2012,2.334
"ZAF",2013,2.33
"ZAF",2014,2.33199999999999
"ZAF",2015,2.39
"ZAF",2016,2.29
"ZAF",2017,2.29199999999999
"ZAF",2018,2.302
"ZAF",2019,2.41
"ZAF",2020,2.321
"ZAF",2021,2.331
"ZAF",2022,2.28299999999999
"KOR",2008,1.756
"KOR",2009,1.776
"KOR",2010,1.802
"KOR",2011,1.879
"KOR",2012,1.78899999999999
"KOR",2013,1.762
"KOR",2014,1.774
"KOR",2015,1.78899999999999
"KOR",2016,1.77899999999999
"KOR",2017,1.79899999999999
"KOR",2018,1.80499999999999
"KOR",2019,1.804
"KOR",2020,1.764
"KOR",2021,1.825
"KOR",2022,1.77899999999999
"SSD",2011,2.345
"SSD",2012,2.31499999999999
"SSD",2013,2.567
"SSD",2014,3.04899999999999
"SSD",2015,3.266
"SSD",2016,3.29899999999999
"SSD",2017,3.23899999999999
"SSD",2018,3.289
"SSD",2019,3.28
"SSD",2020,3.28699999999999
"SSD",2021,3.248
"SSD",2022,3.184
"ESP",2008,1.65199999999999
"ESP",2009,1.707
"ESP",2010,1.719
"ESP",2011,1.673
"ESP",2012,1.609
"ESP",2013,1.589
"ESP",2014,1.52699999999999
"ESP",2015,1.504
"ESP",2016,1.51299999999999
"ESP",2017,1.487
"ESP",2018,1.619
"ESP",2019,1.691
"ESP",2020,1.673
"ESP",2021,1.641
"ESP",2022,1.603
"LKA",2008,2.47
"LKA",2009,2.56
"LKA",2010,2.689
"LKA",2011,2.596
"LKA",2012,2.523
"LKA",2013,2.213
"LKA",2014,2.11
"LKA",2015,2.119
"LKA",2016,2.00199999999999
"LKA",2017,1.87
"LKA",2018,1.899
"LKA",2019,1.943
"LKA",2020,1.982
"LKA",2021,2.095
"LKA",2022,2.02
"SDN",2008,3.02199999999999
"SDN",2009,3.016
"SDN",2010,3.04099999999999
"SDN",2011,3.10199999999999
"SDN",2012,3.117
"SDN",2013,3.128
"SDN",2014,3.18199999999999
"SDN",2015,3.13
"SDN",2016,3.096
"SDN",2017,3.06199999999999
"SDN",2018,3.03799999999999
"SDN",2019,2.866
"SDN",2020,2.94099999999999
"SDN",2021,2.90799999999999
"SDN",2022,3.007
"SWE",2008,1.45
"SWE",2009,1.441
"SWE",2010,1.444
"SWE",2011,1.439
"SWE",2012,1.43399999999999
"SWE",2013,1.41599999999999
"SWE",2014,1.389
"SWE",2015,1.375
"SWE",2016,1.42199999999999
"SWE",2017,1.504
"SWE",2018,1.482
"SWE",2019,1.51499999999999
"SWE",2020,1.508
"SWE",2021,1.497
"SWE",2022,1.564
"CHE",2008,1.44
"CHE",2009,1.476
"CHE",2010,1.469
"CHE",2011,1.447
"CHE",2012,1.411
"CHE",2013,1.39399999999999
"CHE",2014,1.37799999999999
"CHE",2015,1.364
"CHE",2016,1.357
"CHE",2017,1.354
"CHE",2018,1.397
"CHE",2019,1.37
"CHE",2020,1.389
"CHE",2021,1.38399999999999
"CHE",2022,1.357
"SYR",2008,2.15399999999999
"SYR",2009,2.222
"SYR",2010,2.29199999999999
"SYR",2011,2.305
"SYR",2012,2.63399999999999
"SYR",2013,2.98899999999999
"SYR",2014,3.278
"SYR",2015,3.359
"SYR",2016,3.362
"SYR",2017,3.40499999999999
"SYR",2018,3.38099999999999
"SYR",2019,3.331
"SYR",2020,3.334
"SYR",2021,3.29599999999999
"SYR",2022,3.35599999999999
"TWN",2008,1.79499999999999
"TWN",2009,1.852
"TWN",2010,1.711
"TWN",2011,1.689
"TWN",2012,1.617
"TWN",2013,1.609
"TWN",2014,1.606
"TWN",2015,1.729
"TWN",2016,1.702
"TWN",2017,1.72
"TWN",2018,1.732
"TWN",2019,1.697
"TWN",2020,1.66799999999999
"TWN",2021,1.653
"TWN",2022,1.618
"TJK",2008,2.20299999999999
"TJK",2009,2.209
"TJK",2010,2.177
"TJK",2011,2.18
"TJK",2012,2.177
"TJK",2013,2.244
"TJK",2014,2.261
"TJK",2015,2.12699999999999
"TJK",2016,2.09399999999999
"TJK",2017,2.06999999999999
"TJK",2018,2.077
"TJK",2019,2.168
"TJK",2020,2.153
"TJK",2021,2.05799999999999
"TJK",2022,2.031
"TZA",2008,1.707
"TZA",2009,1.744
"TZA",2010,1.778
"TZA",2011,1.77099999999999
"TZA",2012,1.786
"TZA",2013,1.80099999999999
"TZA",2014,1.81099999999999
"TZA",2015,1.861
"TZA",2016,1.856
"TZA",2017,1.80899999999999
"TZA",2018,1.889
"TZA",2019,1.872
"TZA",2020,1.854
"TZA",2021,1.92799999999999
"TZA",2022,2.00099999999999
"THA",2008,2.326
"THA",2009,2.39599999999999
"THA",2010,2.379
"THA",2011,2.38399999999999
"THA",2012,2.415
"THA",2013,2.375
"THA",2014,2.378
"THA",2015,2.353
"THA",2016,2.21
"THA",2017,2.224
"THA",2018,2.16699999999999
"THA",2019,2.18199999999999
"THA",2020,2.19
"THA",2021,2.153
"THA",2022,2.09799999999999
"GMB",2008,1.891
"GMB",2009,1.869
"GMB",2010,1.89199999999999
"GMB",2011,1.93599999999999
"GMB",2012,2.00899999999999
"GMB",2013,2.027
"GMB",2014,2.055
"GMB",2015,2.083
"GMB",2016,2.05799999999999
"GMB",2017,2.19499999999999
"GMB",2018,1.995
"GMB",2019,1.91
"GMB",2020,1.925
"GMB",2021,1.847
"GMB",2022,1.792
"TLS",2008,1.941
"TLS",2009,1.861
"TLS",2010,1.848
"TLS",2011,1.77099999999999
"TLS",2012,1.738
"TLS",2013,1.741
"TLS",2014,1.78499999999999
"TLS",2015,1.81299999999999
"TLS",2016,1.78499999999999
"TLS",2017,1.778
"TLS",2018,1.80699999999999
"TLS",2019,1.742
"TLS",2020,1.8
"TLS",2021,1.839
"TLS",2022,1.839
"TGO",2008,2.00199999999999
"TGO",2009,1.91399999999999
"TGO",2010,1.92199999999999
"TGO",2011,1.937
"TGO",2012,1.915
"TGO",2013,1.883
"TGO",2014,1.92599999999999
"TGO",2015,1.867
"TGO",2016,1.889
"TGO",2017,1.868
"TGO",2018,2.00999999999999
"TGO",2019,2.099
"TGO",2020,2.084
"TGO",2021,2.144
"TGO",2022,2.09399999999999
"TTO",2008,2.08199999999999
"TTO",2009,2.02099999999999
"TTO",2010,2.079
"TTO",2011,2.04999999999999
"TTO",2012,2.10199999999999
"TTO",2013,2.01299999999999
"TTO",2014,2.00999999999999
"TTO",2015,2.031
"TTO",2016,1.995
"TTO",2017,2.01399999999999
"TTO",2018,2.003
"TTO",2019,2.059
"TTO",2020,2.01399999999999
"TTO",2021,2.023
"TTO",2022,2.00499999999999
"TUN",2008,1.814
"TUN",2009,1.81499999999999
"TUN",2010,1.75699999999999
"TUN",2011,1.901
"TUN",2012,2.036
"TUN",2013,2.044
"TUN",2014,2.03799999999999
"TUN",2015,1.944
"TUN",2016,1.87799999999999
"TUN",2017,1.956
"TUN",2018,2.012
"TUN",2019,1.975
"TUN",2020,1.975
"TUN",2021,1.994
"TUN",2022,1.996
"TUR",2008,2.45
"TUR",2009,2.515
"TUR",2010,2.5
"TUR",2011,2.435
"TUR",2012,2.375
"TUR",2013,2.487
"TUR",2014,2.44
"TUR",2015,2.49
"TUR",2016,2.539
"TUR",2017,2.67
"TUR",2018,2.798
"TUR",2019,2.886
"TUR",2020,2.919
"TUR",2021,2.851
"TUR",2022,2.785
"TKM",2008,2.145
"TKM",2009,2.03699999999999
"TKM",2010,2.12
"TKM",2011,2.075
"TKM",2012,2.13899999999999
"TKM",2013,2.096
"TKM",2014,2.063
"TKM",2015,2.124
"TKM",2016,2.13899999999999
"TKM",2017,2.20699999999999
"TKM",2018,2.214
"TKM",2019,2.22
"TKM",2020,2.152
"TKM",2021,2.144
"TKM",2022,2.116
"UGA",2008,2.54
"UGA",2009,2.423
"UGA",2010,2.31099999999999
"UGA",2011,2.246
"UGA",2012,2.277
"UGA",2013,2.196
"UGA",2014,2.21499999999999
"UGA",2015,2.16299999999999
"UGA",2016,2.07799999999999
"UGA",2017,2.083
"UGA",2018,2.149
"UGA",2019,2.193
"UGA",2020,2.222
"UGA",2021,2.214
"UGA",2022,2.309
"UKR",2008,2.095
"UKR",2009,2.173
"UKR",2010,2.217
"UKR",2011,2.13099999999999
"UKR",2012,2.071
"UKR",2013,2.19099999999999
"UKR",2014,2.43299999999999
"UKR",2015,2.712
"UKR",2016,3.007
"UKR",2017,2.999
"UKR",2018,2.874
"UKR",2019,2.76799999999999
"UKR",2020,2.793
"UKR",2021,2.55799999999999
"UKR",2022,2.971
"ARE",2008,1.699
"ARE",2009,1.627
"ARE",2010,1.611
"ARE",2011,1.577
"ARE",2012,1.633
"ARE",2013,1.588
"ARE",2014,1.624
"ARE",2015,1.71
"ARE",2016,1.721
"ARE",2017,1.81499999999999
"ARE",2018,1.774
"ARE",2019,1.79699999999999
"ARE",2020,1.93
"ARE",2021,1.89
"ARE",2022,1.865
"GBR",2008,1.837
"GBR",2009,1.782
"GBR",2010,1.78299999999999
"GBR",2011,1.78499999999999
"GBR",2012,1.746
"GBR",2013,1.743
"GBR",2014,1.736
"GBR",2015,1.705
"GBR",2016,1.68599999999999
"GBR",2017,1.683
"GBR",2018,1.741
"GBR",2019,1.681
"GBR",2020,1.74
"GBR",2021,1.67199999999999
"GBR",2022,1.667
"USA",2008,2.236
"USA",2009,2.31199999999999
"USA",2010,2.286
"USA",2011,2.23899999999999
"USA",2012,2.229
"USA",2013,2.19099999999999
"USA",2014,2.172
"USA",2015,2.17499999999999
"USA",2016,2.13899999999999
"USA",2017,2.248
"USA",2018,2.29099999999999
"USA",2019,2.361
"USA",2020,2.35599999999999
"USA",2021,2.43
"USA",2022,2.44
"URY",2008,1.689
"URY",2009,1.704
"URY",2010,1.713
"URY",2011,1.618
"URY",2012,1.63599999999999
"URY",2013,1.629
"URY",2014,1.64199999999999
"URY",2015,1.66199999999999
"URY",2016,1.65799999999999
"URY",2017,1.637
"URY",2018,1.713
"URY",2019,1.695
"URY",2020,1.702
"URY",2021,1.76299999999999
"URY",2022,1.79499999999999
"UZB",2008,2.13099999999999
"UZB",2009,2.12
"UZB",2010,2.17799999999999
"UZB",2011,2.274
"UZB",2012,2.30399999999999
"UZB",2013,2.234
"UZB",2014,2.14199999999999
"UZB",2015,2.141
"UZB",2016,2.088
"UZB",2017,2.03299999999999
"UZB",2018,2.071
"UZB",2019,2.056
"UZB",2020,2.04899999999999
"UZB",2021,2.032
"UZB",2022,2.00099999999999
"VEN",2008,2.313
"VEN",2009,2.359
"VEN",2010,2.36399999999999
"VEN",2011,2.337
"VEN",2012,2.28399999999999
"VEN",2013,2.25599999999999
"VEN",2014,2.333
"VEN",2015,2.448
"VEN",2016,2.515
"VEN",2017,2.52499999999999
"VEN",2018,2.57399999999999
"VEN",2019,2.673
"VEN",2020,2.84799999999999
"VEN",2021,2.878
"VEN",2022,2.798
"VNM",2008,1.832
"VNM",2009,1.846
"VNM",2010,1.87
"VNM",2011,1.86
"VNM",2012,1.923
"VNM",2013,1.871
"VNM",2014,1.832
"VNM",2015,1.93199999999999
"VNM",2016,1.871
"VNM",2017,1.88199999999999
"VNM",2018,1.895
"VNM",2019,1.895
"VNM",2020,1.952
"VNM",2021,1.81699999999999
"VNM",2022,1.786
"YEM",2008,2.407
"YEM",2009,2.474
"YEM",2010,2.56199999999999
"YEM",2011,2.56499999999999
"YEM",2012,2.609
"YEM",2013,2.547
"YEM",2014,2.611
"YEM",2015,2.738
"YEM",2016,2.974
"YEM",2017,3.112
"YEM",2018,3.10599999999999
"YEM",2019,3.21099999999999
"YEM",2020,3.25899999999999
"YEM",2021,3.342
"YEM",2022,3.394
"ZMB",2008,1.843
"ZMB",2009,1.834
"ZMB",2010,1.827
"ZMB",2011,1.73
"ZMB",2012,1.814
"ZMB",2013,1.728
"ZMB",2014,1.81
"ZMB",2015,1.816
"ZMB",2016,1.782
"ZMB",2017,1.77299999999999
"ZMB",2018,1.78699999999999
"ZMB",2019,1.768
"ZMB",2020,1.788
"ZMB",2021,1.915
"ZMB",2022,1.841
"ZWE",2008,2.37599999999999
"ZWE",2009,2.66
"ZWE",2010,2.732
"ZWE",2011,2.66
"ZWE",2012,2.422
"ZWE",2013,2.395
"ZWE",2014,2.25999999999999
"ZWE",2015,2.16199999999999
"ZWE",2016,2.14599999999999
"ZWE",2017,2.165
"ZWE",2018,2.198
"ZWE",2019,2.31499999999999
"ZWE",2020,2.302
"ZWE",2021,2.38099999999999
"ZWE",2022,2.35
